CÓDIGO,DESCRIPCIÓN,PLAN,VALOR UF
ANF0006,ANFORA YENDO A CASA,PREMIUM,9
ANF0007,ANFORA YENDO A CASA PARVULO,PREMIUM,7
ANF0008,ANFORA YENDO A CASA MINI,TODOS LOS SERV.,3
ANF0010,ANFORA LINEAS BRONCE,FULL,6
ANF0011,ANFORA PLATA CLASICA PARVULO,PREMIUM,6
ANF0012,ANFORA ARBOL DE LA VIDA PARVULO,TODOS LOS SERV.,2
ANF0013,ANFORA SAL,PREMIUM,9
ANF0014,ANFORA ARENA,PREMIUM,9
ANF0015,ANFORA ARBOL DE LA VIDA MINI,TODOS LOS SERV.,2
ANF0016,ANFORA ONIX COLUMBARIO,FULL,6
ANF0017,ANFORA ONIX GRIS PARVULO,FULL,3
ANF0030,ANFORA PLATA CLASICA MINI,TODOS LOS SERV.,3
ANF0032,ANFORA ONIX MINI,TODOS LOS SERV.,3
ANF0039,ANFORA ONIX,FULL,6
ANF0040,ANFORA PLATA ATENEA MINI,TODOS LOS SERV.,3
ANF0044,ANFORA SAL PARVULO (DESCONTINUADO),PREMIUM,7
ANF0057,ANFORA MADRE PERLA,PREMIUM,9
ANF0058,ANFORA MADRE PERLA MINI,TODOS LOS SERV.,3
ANF0060,ANFORA ARABICA GRECO (DESCONTINUADO),X,X
ANF0067,ANFORA A270 NIRVANA™ ADIEU STANDARD MIDNIGHT & POL SILVER | VOL. 3.3 LT,PREMIUM,9
ANF0071,ANFORA YENDO A CASA COLUMBARIO,PREMIUM,9
ANF0072,ANFORA SILVER PEARLY,FULL,6
ANF0073,ANFORA ATENEA PLATA,FULL,6
ANF0078,ANFORA ATENEA DORADA,FULL,6
ANF0086,MINERAL JASPE ROJO MJ9154R,TODOS LOS SERV.,2
ANF0087,MINERAL HEMATITE GRIS MH9152G,TODOS LOS SERV.,2
ANF0088,MINERAL CUARZO VERDE MC9151V,TODOS LOS SERV.,2
ANF0089,MINERAL CUARZO ROSA MC9151R,TODOS LOS SERV.,2
ANF0090,MINERAL CUARZO BLANCO MC9151B,TODOS LOS SERV.,2
ANF0091,MINERAL AMATISTA VIOLETA MA9150V,TODOS LOS SERV.,2
ANF0092,ANFORA NO ME OLVIDES (DESCONTINUADO),X,X
ANF0095,ANFORA CRISTAL OTOÑO PLATA,PREMIUM,9
ANF0096,ANFORA NATURAL AZUL (DESCONTINUADO),X,X
ANF0097,ANFORA CRISTAL PLUMAS,PREMIUM,9
ANF0098,ANFORA HOJAS DE ROBLE PLATA,PREMIUM,9
ANF0099,ANFORA PLATINO GRABADO (DESCONTINUADO),FULL,6
ANF0102,ANFORA DORADA HOJAS DE ROBLE,FULL,6
ANF0104,ANFORA DE ACERO INOXIDABLE MINI,TODOS LOS SERV.,3
ANF0108,ANFORA YENDO A CASA TAPA REDONDA (DESCONTINUADO),FULL,6
ANF0110,ANFORA YENDO A CASA CONO PARVULO,FULL,5
ANF0111,ANFORA MADRE PERLA CIRCULAR PARVULO (DESCONTINUADO),PREMIUM,6
ANF0112,ANFORA ARABICA,FULL,6
ANF0115,ANFORA LINEA PLATA CAFÉ (DESCONTINUADO),FULL,6
ANF0120,ANFORA GOLDEN CARVED,PREMIUM,9
ANF0121,ANFORA SILVER CARVED,PREMIUM,9
ANF0122,ANFORA YENDO AL JARDIN TUBO (DESCONTINUADO),PREMIUM,9
ANF0123,ANFORA MADRE PERLA TUBO (DESCONTINUADO),PREMIUM,9
ANF0124,ANFORA YENDO AL JARDIN (DESCONTINUADO),X,X
ANF0126,ANFORA DE MADERA PAULONIA,X,X
ANF0128,ANFORA WOOD MINI (DESCONTINUADO),TODOS LOS SERV.,0
ANF0130,ANFORA DORADA CLASICA,FULL,6
ANF0132,ANFORA PLATA CLASICA,FULL,6
ANF0133,ANFORA ARABICA GRECO MINI,TODOS LOS SERV.,3
ANF0134,ANFORA COBRE PARVULO,FULL,4
ANF0135,ANFORA COBRE MINI,TODOS LOS SERV.,2
ANF0136,ANFORA ONIX CELTA,PREMIUM,9
ANF0137,ANFORA PERLA CELTA,PREMIUM,9
ANF0138,ANFORA ALABASTRO BLANCA (DESCONTINUADO),PREMIUM,9
ANF0140,ANFORA ATENEA DORADA MINI,TODOS LOS SERV.,3
ANF0141,ANFORA CLASICA DORADA MINI,TODOS LOS SERV.,3
ANF0144,ANFORA TUBO GOLDEN,FULL,6
ANF0146,ANFORA 2019MB PISADAS BLANCAS PARVULO (DESCONTINUADO),PREMIUM,6
ANF0147,ANFORA 6216F-89 VELVET NEGRA (DESCONTINUADO),FULL,6
ANF0151,ANFORA ECO HIDRA VERDE (DESCONTINUADO),X,X
ANF0152,ANFORA A540 ELEGANT LEAF GREEN BRU GOLD,PREMIUM,9
ANF0153,ANFORA LATIDOS RUSTIKA ANTRACITA + MINI CORAZON (DESCONTINUADO),TODOS LOS SERV.,4
ANF0154,ANFORA LATIDOS RUSTIKA BEIGE + MINI CORAZON (DESCONTINUADO),TODOS LOS SERV.,X
ANF0157,ANFORA SATORI PERLA (DESCONTINUADO),X,X
ANF0158,ANFORA SATORI ONIX (DESCONTINUADO),PREMIUM,9
ANF0159,ANFORA CLASICA DORADA PARVULO,FULL,5
ANF0160,ANFORA ATENEA PLATA PARVULO,PREMIUM,5
ANF0161,ANFORA ATENEA DORADA PARVULO,PREMIUM,5
ANF0162,ANFORA MADRE PERLA PARVULO,PREMIUM,7
ANF0166,ANFORA PRISMA (DESCONTINUADO),FULL,4
ANF0167,COFRE CUBO RUSTICO (DESCONTINUADO),FULL,4
ANF0168,COFRE BASE (DESCONTINUADO),OFERTA,2
ANF0171,ANFORA TUBO ALUMINIO (DESCONTINUADO),FULL,6
ANF0173,ANFORA ARABICA GRECO PARVULO,PREMIUM,6
ANF0175,ANFORA ONIX GRIS,FULL,6
ANF0176,ANFORA YENDO AL JARDIN TAPA OVALADA (DESCONTINUADO),FULL,6
ANF0177,ANFORA MADRE PERLA TEALIGHT,PREMIUM,4
ANF0178,ANFORA YENDO AL JARDIN ROSA TEALIGHT,PREMIUM,4
ANF0179,ANFORA SILVER GRABADA TEALIGHT (DESCONTINUADO),TODOS LOS SERV.,3
ANF0180,ANFORA CALA TEALIGHT (DESCONTINUADO),FULL,6
ANF0183,ANFORA PLATINO GRABADO MINI (DESCONTINUADO),TODOS LOS SERV.,3
ANF0184,ANFORA ONIX GRIS MINI (DESCONTINUADO),TODOS LOS SERV.,3
ANF0186,ANFORA ECO CHROMA AZUL ESTRELLA (DESCONTINUADO),FULL,6
ANF0187,ANFORA ECO CHROMA ANTRACITA INFINITO (DESCONTINUADO),FULL,6
ANF0188,ANFORA 6113KL PIEDRA DECO WENGUE (DESCONTINUADO),FULL,6
ANF0189,ANFORA 545021 METAL PLATA,BASICO,4
ANF0190,ANFORA 545001 METAL BLANCA,BASICO,4
ANF0191,ANFORA A1042 WINGS OF HOPE PEARL WHITE & POL,PREMIUM,9
ANF0192,ANFORA A210 CLASSIC BRU PEWTEE (PLATA ATENEA) (DESCONTINUADO),TODOS LOS SERV.,3
ANF0193,ANFORA A211 CLASSIC STANDARD BRU GOLD (ATENEA DORADA) (DESCONTINUADO),TODOS LOS SERV.,3
ANF0194,ANFORA A215 RADIANCE STANDARD BRU PEWTER (CLASICA PLATA) (DESCONTINUADO),FULL,6
ANF0195,ANFORA A216 RADIANCE STANDARD BRU GOLD (CLASICA DORADA) (DESCONTINUADO),FULL,6
ANF0196,ANFORA A230 MOTHER OF PEARL POL GOLD (MADRE PERLA) (DESCONTINUADO),PREMIUM,9
ANF0197,ANFORA A260 ESPANA STANDARD BRONZE & BRU GOLD (LINEA BRONCE CAFÉ) (DESCONTINUADO),FULL,6
ANF0198,ANFORA A261 ESPANA STANDARD MIDNIGHT & BRU PEWTER (LINEA PLATA NEGRA) (DESCONTINUADO),FULL,6
ANF0200,ANFORA A297 BLESSING PEARL WHITE & POL SILVER,PREMIUM,9
ANF0201,ANFORA A580 TEARDROP MIDNIGHT & BRU PEWTER,PREMIUM,9
ANF0202,ANFORA A232 CLASSIC SOARING DOVES BLUE & POL SILVER (YENDO A CASA) (DESCONTINUADO),PREMIUM,9
ANF0204,ANFORA GLOBO ROSADO TEALIGHT (DESCONTINUADO),PREMIUM,4
ANF0205,ANFORA LAVANDA DORADA,X,X
ANF0206,ANFORA ARBOL DE LA VIDA,FULL,6
ANF0207,ANFORA CINTURON DORADO (DESCONTINUADO),FULL,6
ANF0209,ANFORA SENSORIAL CIERVO NIÑO,TODOS LOS SERV.,3
ANF0210,ANFORA SENSORIAL CIERVO NIÑA,TODOS LOS SERV.,3
ANF0211,ANFORA SENSORIAL RATONCITA NIÑA,TODOS LOS SERV.,3
ANF0212,ANFORA SENSORIAL RATONCITA NIÑO,TODOS LOS SERV.,3
ANF0213,"ANFORA CENIZAS NFC 2,8 Kg NEGRA",FULL,6
ANF0214,"ANFORA CENIZAS NFC 2,8 Kg VERDE",FULL,6
ANF0215,"ANFORA CENIZAS NFC 1,4 Kg NEGRA",FULL,6
ANF0216,"ANFORA CENIZAS NFC 1,4 Kg VERDE",FULL,6
ANF0217,"ANFORA CENIZAS NFC 0,5 Kg NEGRA",FULL,6
ANF0218,"ANFORA CENIZAS NFC 0,5 Kg VERDE",FULL,6
ANF0219,ANFORA M1042 WINGS OF HOPE PEARL WHITE & POL MEDIANA,PREMIUM,7
ANF0220,ANFORA K1042 WINGS OF HOPE PEARL WHITE & POL MINI,TODOS LOS SERV.,5
ANF0221,ANFORA A1070 CRESCENT TALL SAGE GREEN,PREMIUM,9
ANF0222,ANFORA K1070 CRESCENT TALL SAGE GREEN MINI,TODOS LOS SERV.,4
ANF0223,ANFORA K1071 CRESCENT SPHERE GREEN MINI,TODOS LOS SERV.,4
ANF0224,ANFORA P580 TEARDROP MIDNIGHT & BRU MEDIANA,PREMIUM,6
ANF0225,RELICARIO PD1023 TEARDROP ASHES POL & BRU,TODOS LOS SERV.,7
ANF0226,ANFORA K580 TEARDROP MIDNIGHT & BRU MINI,TODOS LOS SERV.,5
ANF0227,ANFORA M270 NIRVANA ADIEU MIDNIGHT MEDIANA,PREMIUM,7
ANF0228,ANFORA K270 NIRVANA ADIEU MIDNIGHT MINI,TODOS LOS SERV.,5
ANF0230,ANFORA M297 BLESSING PEARL WHITE MEDIANA,PREMIUM,7
ANF0231,ANFORA K297 BLESSING PEARL WHITE MINI,TODOS LOS SERV.,5
ANF0232,ANFORA A298 BLESSING PEARL LAVENDER,PREMIUM,9
ANF0233,ANFORA M298 BLESSING PEARL LAVENDER MEDIANA,PREMIUM,7
ANF0234,ANFORA K298 BLESSING PEARL LAVENDER MINI,TODOS LOS SERV.,5
ANF0235,ANFORA K540 ELEGANT LEAF GREEN & BRU GOLD MINI,TODOS LOS SERV.,5
ANF0236,RELICARIO PD1560 ELEGANT LEAF ASHES PEARL GREEN,TODOS LOS SERV.,7
ANF0237,ANFORA A292 BLESSING PEARL MIDNIGHT,PREMIUM,9
ANF0238,ANFORA M292 BLESSING PEARL MIDNIGHT MEDIANA,PREMIUM,7
ANF0239,ANFORA K292 BLESSING PEARL MIDNIGHT MINI,PREMIUM,5
ANF0240,ANFORA T271 NIRVANA AZURE TEALIGHT,PREMIUM,7
ANF0241,ANFORA M667 BLESSING PEARL PINK MEDIANA,PREMIUM,7
ANF0242,ANFORA K667 BLESSING PEARL PINK MINI,TODOS LOS SERV.,5
ANF0243,ANFORA M668 BLESSING PEARL BLUE MEDIANA,PREMIUM,7
ANF0244,ANFORA K668 BLESSING PEARL BLUE MINI,TODOS LOS SERV.,5
ANF0245,ANFORA ONIX PARVULO,PREMIUM,5
ANF0246,ANFORA XL COBRE,FULL,4
ANF0247,ANFORA M COBRE (PARVULO),FULL,3
ANF0248,ANFORA XS COBRE (DE REPARTO),TODOS LOS SERV.,2
ANF0249,MINI ANFORA ATENEA GOLDEN,PREMIUM,9
ANF0250,ANFORA SS-L-2 STAND,PREMIUM,9
ANF0251,ANFORA MINI SS-M-15 CORAZON,TODOS LOS SERV.,4
ANF0252,ANFORA MINI SS-M-2 CIEL,TODOS LOS SERV.,4
ANF0253,ANFORA MINI SS-M-5 AURA,TODOS LOS SERV.,4
ANF0254,ANFORA MINI SS-M-9 ODISEA,TODOS LOS SERV.,4
ANF0255,ANFORA MINI SS-M-12 OVO,TODOS LOS SERV.,3
ANF0256,ANFORA MINI SS-M-14 ORBITA,TODOS LOS SERV.,4
ANF0257,ANFORA ECO HIDRA GRIS,FULL,6
ANF0258,ANFORA A1071 CRESCENTSPHERE SAGE GREEN & BRU GOLD,PREMIUM,9
ANF0259,ANFORA A1051 TULIPORANGE & POLL SILVER,PREMIUM,9
ANF0260,ANFORA M1051 TULIP MEDIUM ORANGE & POL SILVER,PREMIUM,7
ANF0261,ANFORA K1051 TULIP KEEPSAKE URN ORANGE &POL SILVER,TODOS LOS SERV.,5
ANF0263,ANFORA A1072 CRESCENT TALL URN NAVY & POL SILVER,PREMIUM,9
ANF0264,ANFORA K1072 CRESCENT KEEPSAKE URN NAVY @POL SILVER,TODOS LOS SERV.,5
ANF0265,ANFORA A271 NIRVANA AZURE BLUE & BRU PEWTER W/SWAROVSKI,PREMIUM,9
ANF0267,ANFORA A222 PRIDE RAINBOW POL SILVER,FULL,6
ANF0268,ANFORA A522 SIMPLICITY PEARL WHITE BRU GOLD,PREMIUM,9
ANF0269,ANFORA M522 INFANTE SIMPLICITY PEARL WHITE & BRU GOLD,PREMIUM,7
ANF0270,ANFORA K271 NIRVANA AZUFRE BLUE BRU PEWTER W/SWAROSKI,PREMIUM,4
ANF0271,ANFORA K222 PRIDE RAINBOW POL SILVER,FULL,4
ANF0272,ANFORA K522 SIMPLICITY PEARL WHITE & BRU GOLD,TODOS LOS SERV.,4
ANF0273,"ANFORA VIENA XL NFC (2,7 Kg) - VERDE",FULL,6
ANF0274,"ANFORA VIENA XL NFC (2,7 Kg) - NEGRO",FULL,6
ANF0275,"ANFORA VIENA XL NFC (2,7 Kg) - BEIGE",FULL,6
ANF0276,"ÁNFORA MOLLY L NFC (1,7KG) - VERDE",FULL,6
ANF0277,"ÁNFORA MOLLY L NFC (1,7KG) - NEGRA",FULL,6
ANF0278,"ÁNFORA MOLLY L NFC (1,7KG) - BEIGE",FULL,6
ANF0279,"ÁNFORA MILÓ NFC (2,7 KG) - VERDE",FULL,6
ANF0280,"ÁNFORA MILÓ NFC (2,7 KG) - NEGRA",FULL,6
ANF0281,ANFORA ECO LUNA,PREMIUM,9
ANF0282,ANFORA ECO SFERA CHROMA VERDE,FULL,6
ANF0283,ANFORA ECO SOL,PREMIUM,9
ANF0284,"ANFORA METALICA AZUL 3,8 L",BASICO,4
ANF0285,"ANFORA METALICA BURDEO 3,8 L",BASICO,4
ANF0286,"ANFORA METALICA GRIS CLARO 3,8 L",BASICO,4
ANF0287,"ANFORA METALICA VERDE 3,8 L",BASICO,4
ANF0288,ANFORA TULIP KEEPSAKE URN YELLOW & POL SILVER,PREMIUM,9
ANF0289,ANFORA TULIP URN YELLOW & POLL SILVER,PREMIUM,9
ANF0293,ANFORA PVC GRIS,BASICO,4
COF0007,COBRE NOBLE CON CRUZ,FULL,6
COF0010,COFRE CANCILLER (DESCONTINUADO),PREMIUM,9
COF0014,COFRE NOBLE SIN CRUZ,FULL,6
COF0035,COFRE BASICO (LENGA NATURAL),FULL,6
COF0039,COFRE LENGA BASICO MINI SEMI OPACO (9 x 5 x 5),BASICO,2
COF0048,COFRE MADERA RAULI NOGAL,FULL,6
COF0049,COFRE MADERA RAULI ALTO BRILLO,FULL,6
COF0051,COFRE LENGA ESPECIAL MINI,TODOS LOS SERV.,2
COF0052,COFRE MARCO BASICO (DESCONTINUADO),FULL,4
COF0053,COFRE MARCO CAOBA (DESCONTINUADO),FULL,4
COF0054,COFRE COD.786-WCU-1790 COFRE MARCO EBANO (DESCONTINUADO,FULL,4
COF0057,COFRE MDF CEREZO PORTA RETRATO (DESCONTINUADO),FULL,4
COF0059,COFRE LENGA PARVULO,BASICO,4
COF0061,COFRE CUBO PARVULO BLANCO,TODOS LOS SERV.,4
COF0062,COFRE CUBO PARVULO ROSADO,TODOS LOS SERV.,4
COF0063,COFRE CUBO PARVULO CELESTE,TODOS LOS SERV.,4
COF0064,COFRE CUBO PARVULO LENGA NATURAL,TODOS LOS SERV.,4
COF0065,COFRE ADULTO OVALADO TEMATICO ALTO BRILLO,FULL,6
COF0066,COFRE ADULTO OVALADO TEMATICO SEMI BRILLO,FULL,6
COF0068,COFRE APUS MADERA PINO COLOR MIEL,FULL,6
COF0069,COFRE CAELUM MADERA LENGA NATURAL,FULL,6
COF0070,COFRE CAELUM COLOR NOGAL,PREMIUM,9
COF0071,COFRE HYDRA PINO NATURAL,PREMIUM,9
COF0072,COFRE INDUS MADERA LENGA NATURAL,FULL,6
COF0073,COFRE CUBO MINI CON LOGO,REGALO TOTEM 3 UF,0.33
COF0074,COFRE MAESTRE ADULTO,PREMIUM,9
COF0075,COFRE MAESTRE VELA,FULL,4
PUL0002,PULSERA DE CUENTAS NEGRAS,LIBRE,3
PUL0004,PULSERA ACERO INOX CILINDRO,TODOS LOS SERV.,3
PUL0006,PULSERA ACERO INOX CRUZ,TODOS LOS SERV.,3
REL0006,RELICARIO CORAZON AZUL,TODOS LOS SERV.,2
REL0007,RELICARIO CORAZON PLATA,TODOS LOS SERV.,2
REL0011,RELICARIO CILINDRO PLATA,TODOS LOS SERV.,2
REL0014,RELICARIO CORAZON LARGO C04 (DESCONTINUADO),TODOS LOS SERV.,2
REL0015,RELICARIO INFINITO DELGADO CON CADENA C02 (DESCONTINUADO),TODOS LOS SERV.,2
REL0016,RELICARIO ARBOL DE LA VIDA CON CADENA C05,TODOS LOS SERV.,2
REL0017,RELICARIOS CUBOS BRILLANTE C25 (DESCONTINUADO),TODOS LOS SERV.,2
REL0018,RELICARIO EMBUDO C08 (DESCONTINUADO),TODOS LOS SERV.,2
REL0019,RELICARIO RECTANGULAR C00,TODOS LOS SERV.,2
REL0020,RELICARIO CORAZON CHICO C19,TODOS LOS SERV.,2
REL0021,RELICARIO CRUZ ACERO/PLATA (S/E),TODOS LOS SERV.,2
REL0023,RELICARIO ACERO INOX ANILLOS ARBOL (DESCONTINUADO),TODOS LOS SERV.,2
REL0026,RELICARIO ACERO INOX CORAZON 2,TODOS LOS SERV.,3
REL0028,RELICARIO ACERO INOX ESTRELLA,TODOS LOS SERV.,3
REL0029,RELICARIO ACERO INOX LAGRIMA 1,TODOS LOS SERV.,3
REL0030,RELICARIO ACERO INOX ROSA DE LOS VIENTOS,TODOS LOS SERV.,3
REL0031,RELICARIO TREE OL LOVE PEARL GREEN POL GOLD (DESCONTINUADO),TODOS LOS SERV.,3
REL0032,RELICARIO CORAZON ANTRACITA BRILLO (DESCONTINUADO),TODOS LOS SERV.,3
REL0033,RELICARIO CORAZON MARRON (DESCONTINUADO),TODOS LOS SERV.,3
REL0037,RELICARIO PD1202 WINGS OF HOPE PEARL WHITE,PREMIUM,7
REL0039,RELICARIO BRUJULA,TODOS LOS SERV.,2
REL0040,RELICARIO ACERO INOX CORAZON DORADO lJD099,TODOS LOS SERV.,2
REL0041,ANFORA K215 RADIANCE BRU PEWTER (CLASICA PLATA MINI) (DESCONTINUADO),TODOS LOS SERV.,3
REL0042,ANFORA K230 MOTHER OF PERAL (MADRE PERLA MINI) (DESCONTINUADO),TODOS LOS SERV.,4
REL0043,MINI ANFORA NIRVANA ADIEU MIDNIGHT &POL SOLVER K270 (DESCONTINUADO),PREMIUM,5
REL0044,MINI ANFORA BLESSING PEARL WHITE POL SILVER K297 (DESCONTINUADO),PREMIUM,5
REL0045,ANFORA K232 CLASSIC SOARING DOVES (YENDO A CASA MINI) (DESCONTINUADO),TODOS LOS SERV.,4
REL0046,RELICARIO ESTRELLA,TODOS LOS SERV.,2
REL0047,RELICARIO LUNA,TODOS LOS SERV.,2
REL0048,RELICARIO FLOR ROSA NEGRO,TODOS LOS SERV.,2
REL0049,RELICARIO CORAZON VERDE,TODOS LOS SERV.,
REL0050,RELICARO CORAZON NEGRO BRILLANTE,TODOS LOS SERV.,2
REL0051,RELICARIO BALA,TODOS LOS SERV.,2
REL0052,RELICARIO FLOR PEQUEÃ‘O (DESCONTINUADO),TODOS LOS SERV.,2
REL0053,RELICARIO CORAZON VIDRIADO,TODOS LOS SERV.,2
REL0054,RELICARIO HEXAGONO,TODOS LOS SERV.,2
REL0055,RELICARIO FLOR (DESCONTINUADO),TODOS LOS SERV.,2
REL0056,RELICARIO RECTANGULO LARGO,TODOS LOS SERV.,2
REL0057,RELICARIO GOTA,TODOS LOS SERV.,2
REL0058,RELICARIO MARIPOSA,TODOS LOS SERV.,2
REL0059,RELICARIO DE ALABASTRO SERENIDAD,TODOS LOS SERV.,4
REL0060,RELICARO DE ALABASTRO CONFIANZA,TODOS LOS SERV.,4
REL0061,RELICARIO DE ALABASTRO AMOR,TODOS LOS SERV.,4
REL0062,RELICARIO DE ALABASTRO ALMA,TODOS LOS SERV.,4
REL0063,RELICARIO DE ALABASTRO CALMA,TODOS LOS SERV.,4
REL0064,RELICARIO DE ALABASTRO LIBERTAD,TODOS LOS SERV.,4
REL0065,RELICARIO PD1190 FLYING DOVE ASHES,TODOS LOS SERV.,7
REL0066,RELICARIO RECTANGULO VIDRIADO,TODOS LOS SERV.,2
REL0069,RELICARIO PD1390 DRAGONFLY POL & BRU SILVER,TODOS LOS SERV.,7
REL0070,RELICARIO PD1290 MOTHER OF PEARL GOLD VERMEIL,TODOS LOS SERV.,7
REL0072,RELICARIO UD1010 ACERO INOX POLAR,TODOS LOS SERV.,4
REL0073,RELICARIO PD1073 TULIP PEARL ORANGE &POL SILVER,TODOS LOS SERV.,7
REL0074,RELICARIO PD1003 HEART PRIDE RAINBOW,TODOS LOS SERV.,7
REL0075,RELICARIO PD1072 TULIP PEARL YELLOW,TODOS LOS SERV.,7
REL0076,RELICARIO GOTA VIDRIADA,TODOS LOS SERV.,2
REL0077,RELICARIO BAGUETTE,TODOS LOS SERV.,2
REL0078,RELICARIO LAGRIMA DORADA,TODOS LOS SERV.,4
REL0079,RELICARIO ROSA PLATEADA ENVEJECIDA CON PEDESTAL,TODOS LOS SERV.,4
REL0080,RELICARIO ROSA DORADA ENVEJECIDA CON PEDESTAL,TODOS LOS SERV.,4
REL0081,RELICARIO DROP,TODOS LOS SERV.,2
REL0082,RELICARIO COPIHUE,TODOS LOS SERV.,2
REL0083,RELICARIO PLUMA,TODOS LOS SERV.,2
REL0084,RELICARIO PICAFLOR,TODOS LOS SERV.,2