Filtro almacén,Filtro zona,Nº producto,Descripción producto,Cód. unidad medida,Cantidad,Cantidad (base),Cant. a traer disponible,Cód. ubicación,ItemDescription,Cant. en ubicación ajuste
BOD-CINER1,,AAS0076,DESENGRASANTE ALTO PODER WK-093 5LT,UNIDAD,0.00,0.,0.00,UBIA01,DESENGRASANTE ALTO PODER WK-093 5LT,0.00
BOD-CINER1,,ABA0001,AZUCAR IANSA 1KG,UNIDAD,0.00,0.,0.00,UBIA01,AZUCAR IANSA 1KG,0.00
BOD-CINER1,,ABA0004,TE HIERBAS 20 UNI,UNIDAD,0.00,0.,0.00,UBIA01,TE HIERBAS 20 UNI,0.00
BOD-CINER1,,ABA0005,CAFE ECCO,UNIDAD,0.00,0.,0.00,UBIA01,CAFE ECCO,0.00
BOD-CINER1,,ABA0011,ENDULZANTE LIQUIDO ALULOSA O STEVIA,UNIDAD,0.00,0.,0.00,UBIA01,ENDULZANTE LIQUIDO ALULOSA O STEVIA,0.00
BOD-CINER1,,ABA0012,TE LIPTON 20 UNI,UNIDAD,0.00,0.,0.00,UBIA01,TE LIPTON 20 UNI,0.00
BOD-CINER1,,ABA0014,VASO POLIPAPEL 180 ML X 1000,UNIDAD,0.00,0.,0.00,UBIA01,VASO POLIPAPEL 180 ML X 1000,0.00
BOD-CINER1,,ABA0015,PAÑUELO FACIAL D/H 90 HJS. CAJA ELITE. ELITE,UNIDAD,0.00,0.,0.00,UBIA01,PAÑUELO FACIAL D/H 90 HJS. CAJA ELITE. ELITE,0.00
BOD-CINER1,,ABA0017,CAFE DESCAFEINADO NESCAFE 170 GR,UNIDAD,0.00,0.,0.00,UBIA01,CAFE DESCAFEINADO NESCAFE 170 GR,0.00
BOD-CINER1,,ABA0018,CAFE LIOFILIZADO 170 GRS,UNIDAD,0.00,0.,0.00,UBIA01,CAFE LIOFILIZADO 170 GRS,0.00
BOD-CINER1,,AEL0022,ALARGADOR 5MT,UNIDAD,0.00,0.,0.00,UBIA01,ALARGADOR 5MT,0.00
BOD-CINER1,,AEL0038,"AMARRA PLASTICA 200 X 3,6 MM",UNIDAD,0.00,0.,0.00,UBIA01,"AMARRA PLASTICA 200 X 3,6 MM",0.00
BOD-CINER1,,AEL0039,"AMARRA PLASTICA 300 X 3,6 MM BLANCA",UNIDAD,0.00,0.,0.00,UBIA01,"AMARRA PLASTICA 300 X 3,6 MM BLANCA",0.00
BOD-CINER1,,AEL0041,AMARRA PLASTICA 100 X 2.5 MM,UNIDAD,0.00,0.,0.00,UBIA01,AMARRA PLASTICA 100 X 2.5 MM,0.00
BOD-CINER1,,AES0001,ACCO-CLIP (X CAJA),UNIDAD,0.00,0.,0.00,UBIA01,ACCO-CLIP (X CAJA),0.00
BOD-CINER1,,AES0002,CORCHETES 26/6 (5000 Unid),UNIDAD,0.00,0.,0.00,UBIA01,CORCHETES 26/6 (5000 Unid),0.00
BOD-CINER1,,AES0004,SACA CORCHETES,UNIDAD,0.00,0.,0.00,UBIA01,SACA CORCHETES,0.00
BOD-CINER1,,AES0005,CUADERNO UNIVERSITARIO TAPA DURA,UNIDAD,0.00,0.,0.00,UBIA01,CUADERNO UNIVERSITARIO TAPA DURA,0.00
BOD-CINER1,,AES0007,CUADERNILLO PREPICADO 7mm,UNIDAD,0.00,0.,0.00,UBIA01,CUADERNILLO PREPICADO 7mm,0.00
BOD-CINER1,,AES0008,DESTACADOR AMARILLO,UNIDAD,0.00,0.,0.00,UBIA01,DESTACADOR AMARILLO,0.00
BOD-CINER1,,AES0009,DESTACADOR VERDE,UNIDAD,0.00,0.,0.00,UBIA01,DESTACADOR VERDE,0.00
BOD-CINER1,,AES0011,DISPENSADOR CINTA ADHESIVA,UNIDAD,0.00,0.,0.00,UBIA01,DISPENSADOR CINTA ADHESIVA,0.00
BOD-CINER1,,AES0015,FUNDAS PLASTICAS OFICIO,UNIDAD,0.00,0.,0.00,UBIA01,FUNDAS PLASTICAS OFICIO,0.00
BOD-CINER1,,AES0016,ADHESIVO MONTACK,UNIDAD,0.00,0.,0.00,UBIA01,ADHESIVO MONTACK,0.00
BOD-CINER1,,AES0025,CINTA EMBALAJE 3M ULTRA RESISTENTE (48mm x100mt 52 Micras Esp),UNIDAD,0.00,0.,0.00,UBIA01,CINTA EMBALAJE 3M ULTRA RESISTENTE (48mm x100mt 52 Micras Esp),0.00
BOD-CINER1,,AES0028,CLIP ( X KILO),UNIDAD,0.00,0.,0.00,UBIA01,CLIP ( X KILO),0.00
BOD-CINER1,,AES0029,PAPEL COPIA CARTA,UNIDAD,0.00,0.,0.00,UBIA01,PAPEL COPIA CARTA,0.00
BOD-CINER1,,AES0031,GOMA DE BORRAR,UNIDAD,0.00,0.,0.00,UBIA01,GOMA DE BORRAR,0.00
BOD-CINER1,,AES0032,LAPIZ PASTA ROJO,UNIDAD,0.00,0.,0.00,UBIA01,LAPIZ PASTA ROJO,0.00
BOD-CINER1,,AES0033,LAPIZ PASTA NEGRO,UNIDAD,0.00,0.,0.00,UBIA01,LAPIZ PASTA NEGRO,0.00
BOD-CINER1,,AES0034,LAPIZ PASTA AZUL,UNIDAD,0.00,0.,0.00,UBIA01,LAPIZ PASTA AZUL,0.00
BOD-CINER1,,AES0036,CORRECTOR LIQUIDO,UNIDAD,0.00,0.,0.00,UBIA01,CORRECTOR LIQUIDO,0.00
BOD-CINER1,,AES0037,LAPIZ GRAFITO,UNIDAD,0.00,0.,0.00,UBIA01,LAPIZ GRAFITO,0.00
BOD-CINER1,,AES0038,LIBRO ACTA 200 HJ,UNIDAD,0.00,0.,0.00,UBIA01,LIBRO ACTA 200 HJ,0.00
BOD-CINER1,,AES0042,PORTA LAPIZ REJILLA METALICO,UNIDAD,0.00,0.,0.00,UBIA01,PORTA LAPIZ REJILLA METALICO,0.00
BOD-CINER1,,AES0046,PERFORADORA MEDIANA,UNIDAD,0.00,0.,0.00,UBIA01,PERFORADORA MEDIANA,0.00
BOD-CINER1,,AES0049,PLUMON PIZARRA AZUL,UNIDAD,0.00,0.,0.00,UBIA01,PLUMON PIZARRA AZUL,0.00
BOD-CINER1,,AES0050,PLUMON PIZARRA ROJO,UNIDAD,0.00,0.,0.00,UBIA01,PLUMON PIZARRA ROJO,0.00
BOD-CINER1,,AES0051,PLUMON PERMANENTE NEGRO,UNIDAD,0.00,0.,0.00,UBIA01,PLUMON PERMANENTE NEGRO,0.00
BOD-CINER1,,AES0052,PLUMON PERMANENTE AZUL,UNIDAD,0.00,0.,0.00,UBIA01,PLUMON PERMANENTE AZUL,0.00
BOD-CINER1,,AES0053,PLUMON PIZARRA NEGRO,UNIDAD,0.00,0.,0.00,UBIA01,PLUMON PIZARRA NEGRO,0.00
BOD-CINER1,,AES0055,POST IT,UNIDAD,0.00,0.,0.00,UBIA01,POST IT,0.00
BOD-CINER1,,AES0056,SCOTCH,UNIDAD,0.00,0.,0.00,UBIA01,SCOTCH,0.00
BOD-CINER1,,AES0060,TACO APUNTE,UNIDAD,0.00,0.,0.00,UBIA01,TACO APUNTE,0.00
BOD-CINER1,,AES0063,TIJERA 7.0,UNIDAD,0.00,0.,0.00,UBIA01,TIJERA 7.0,0.00
BOD-CINER1,,AES0065,TINTA TAMPON NEGRO,UNIDAD,0.00,0.,0.00,UBIA01,TINTA TAMPON NEGRO,0.00
BOD-CINER1,,AES0072,CUCHILLO CARTONERO,UNIDAD,0.00,0.,0.00,UBIA01,CUCHILLO CARTONERO,0.00
BOD-CINER1,,AES0073,CALCULADORA,UNIDAD,0.00,0.,0.00,UBIA01,CALCULADORA,0.00
BOD-CINER1,,AES0074,REPUESTO CUCHILLO CARTONERO GRANDE 18X100MM,UNIDAD,0.00,0.,0.00,UBIA01,REPUESTO CUCHILLO CARTONERO GRANDE 18X100MM,0.00
BOD-CINER1,,AES0076,ELASTICOS KG.,UNIDAD,0.00,0.,0.00,UBIA01,ELASTICOS KG.,0.00
BOD-CINER1,,AES0083,CORCHETERA MEDIANA,UNIDAD,0.00,0.,0.00,UBIA01,CORCHETERA MEDIANA,0.00
BOD-CINER1,,AES0084,ANOTADOR CON APRETADOR,UNIDAD,0.00,0.,0.00,UBIA01,ANOTADOR CON APRETADOR,0.00
BOD-CINER1,,AES0085,ADHESIVO EN BARRA,UNIDAD,0.00,0.,0.00,UBIA01,ADHESIVO EN BARRA,0.00
BOD-CINER1,,AES0086,SACAPUNTA METALICO,UNIDAD,0.00,0.,0.00,UBIA01,SACAPUNTA METALICO,0.00
BOD-CINER1,,AES0087,SEPARADOR ALFABETICO INDICE A - Z,UNIDAD,0.00,0.,0.00,UBIA01,SEPARADOR ALFABETICO INDICE A - Z,0.00
BOD-CINER1,,AES0091,PORTAMINA 0.7MM,UNIDAD,0.00,0.,0.00,UBIA01,PORTAMINA 0.7MM,0.00
BOD-CINER1,,AES0092,MINAS 0.7MM,UNIDAD,0.00,0.,0.00,UBIA01,MINAS 0.7MM,0.00
BOD-CINER1,,AES0093,ARCHIVADOR CARTA,UNIDAD,0.00,0.,0.00,UBIA01,ARCHIVADOR CARTA,0.00
BOD-CINER1,,AES0094,BANDEJA ESCRITORIO DOBLE NEGRA,UNIDAD,0.00,0.,0.00,UBIA01,BANDEJA ESCRITORIO DOBLE NEGRA,0.00
BOD-CINER1,,AES0099,ETIQUETA JET/LASER ADETEC 66X25 MM 1500 UNI,UNIDAD,0.00,0.,0.00,UBIA01,ETIQUETA JET/LASER ADETEC 66X25 MM 1500 UNI,0.00
BOD-CINER1,,AES0101,ANOTADOR DOBLE CON APRETADOR,UNIDAD,0.00,0.,0.00,UBIA01,ANOTADOR DOBLE CON APRETADOR,0.00
BOD-CINER1,,AES0102,PILA ALCALINA AA SET X 4,UNIDAD,0.00,0.,0.00,UBIA01,PILA ALCALINA AA SET X 4,0.00
BOD-CINER1,,AES0103,PILA ALCALINA AAA SET X 4,UNIDAD,0.00,0.,0.00,UBIA01,PILA ALCALINA AAA SET X 4,0.00
BOD-CINER1,,AES081,HUELLERO DACTILAR,UNIDAD,0.00,0.,0.00,UBIA01,HUELLERO DACTILAR,0.00
BOD-CINER1,,AESAPR0001,APRETADOR DOBLECLIP (25MM) 12 UND,UNIDAD,0.00,0.,0.00,UBIA01,APRETADOR DOBLECLIP (25MM) 12 UND,0.00
BOD-CINER1,,AESAPR0002,APRETADOR DOBLECLIP (32MM) 12 UND,UNIDAD,0.00,0.,0.00,UBIA01,APRETADOR DOBLECLIP (32MM) 12 UND,0.00
BOD-CINER1,,AESAPR0003,APRETADOR DOBLECLIP (51MM) 12 UND,UNIDAD,0.00,0.,0.00,UBIA01,APRETADOR DOBLECLIP (51MM) 12 UND,0.00
BOD-CINER1,,AESARC0001,ARCHIVADOR OFICIO LOMO ANCHO,UNIDAD,0.00,0.,0.00,UBIA01,ARCHIVADOR OFICIO LOMO ANCHO,0.00
BOD-CINER1,,AESDED0001,DEDOS DE GOMA,UNIDAD,0.00,0.,0.00,UBIA01,DEDOS DE GOMA,0.00
BOD-CINER1,,ANF0006,ANFORA YENDO A CASA,UNIDAD,8.00,8.,8.00,UBIA01,ANFORA YENDO A CASA,0.00
BOD-CINER1,,ANF0007,ANFORA YENDO A CASA PARVULO,UNIDAD,8.00,8.,8.00,UBIA01,ANFORA YENDO A CASA PARVULO,0.00
BOD-CINER1,,ANF0008,ANFORA YENDO A CASA MINI,UNIDAD,10.00,10.,10.00,UBIA01,ANFORA YENDO A CASA MINI,0.00
BOD-CINER1,,ANF0011,ANFORA PLATA CLASICA PARVULO,UNIDAD,10.00,10.,10.00,UBIA01,ANFORA PLATA CLASICA PARVULO,0.00
BOD-CINER1,,ANF0012,ANFORA ARBOL DE LA VIDA PARVULO,UNIDAD,3.00,3.,3.00,UBIA01,ANFORA ARBOL DE LA VIDA PARVULO,0.00
BOD-CINER1,,ANF0013,ANFORA SAL,UNIDAD,7.00,7.,7.00,UBIA01,ANFORA SAL,0.00
BOD-CINER1,,ANF0014,ANFORA ARENA,UNIDAD,6.00,6.,6.00,UBIA01,ANFORA ARENA,0.00
BOD-CINER1,,ANF0015,ANFORA ARBOL DE LA VIDA MINI,UNIDAD,2.00,2.,2.00,UBIA01,ANFORA ARBOL DE LA VIDA MINI,0.00
BOD-CINER1,,ANF0016,ANFORA ONIX COLUMBARIO,UNIDAD,2.00,2.,2.00,UBIA01,ANFORA ONIX COLUMBARIO,0.00
BOD-CINER1,,ANF0030,ANFORA PLATA CLASICA MINI,UNIDAD,10.00,10.,10.00,UBIA01,ANFORA PLATA CLASICA MINI,0.00
BOD-CINER1,,ANF0032,ANFORA ONIX MINI,UNIDAD,14.00,14.,14.00,UBIA01,ANFORA ONIX MINI,0.00
BOD-CINER1,,ANF0039,ANFORA ONIX,UNIDAD,7.00,7.,7.00,UBIA01,ANFORA ONIX,0.00
BOD-CINER1,,ANF0040,ANFORA PLATA ATENEA MINI,UNIDAD,40.00,40.,40.00,UBIA01,ANFORA PLATA ATENEA MINI,0.00
BOD-CINER1,,ANF0044,ANFORA SAL PARVULO (DESCONTINUADO),UNIDAD,7.00,7.,7.00,UBIA01,ANFORA SAL PARVULO (DESCONTINUADO),0.00
BOD-CINER1,,ANF0057,ANFORA MADRE PERLA,UNIDAD,15.00,15.,15.00,UBIA01,ANFORA MADRE PERLA,0.00
BOD-CINER1,,ANF0058,ANFORA MADRE PERLA MINI,UNIDAD,10.00,10.,10.00,UBIA01,ANFORA MADRE PERLA MINI,0.00
BOD-CINER1,,ANF0067,ANFORA A270 NIRVANA ADIEU MIDNIGHT,UNIDAD,8.00,8.,8.00,UBIA01,ANFORA A270 NIRVANA™ ADIEU STANDARD MIDNIGHT & POL SILVER | VOL. 3.3 LT,0.00
BOD-CINER1,,ANF0071,ANFORA YENDO A CASA COLUMBARIO,UNIDAD,3.00,3.,3.00,UBIA01,ANFORA YENDO A CASA COLUMBARIO,0.00
BOD-CINER1,,ANF0072,ANFORA SILVER PEARLY,UNIDAD,5.00,5.,5.00,UBIA01,ANFORA SILVER PEARLY,0.00
BOD-CINER1,,ANF0073,ANFORA PLATA ATENEA,UNIDAD,75.00,75.,75.00,UBIA01,ANFORA ATENEA PLATA,0.00
BOD-CINER1,,ANF0078,ANFORA ATENEA DORADA,UNIDAD,18.00,18.,18.00,UBIA01,ANFORA ATENEA DORADA,0.00
BOD-CINER1,,ANF0086,MINERAL JASPE ROJO MJ9154R,UNIDAD,4.00,4.,4.00,UBIA01,MINERAL JASPE ROJO MJ9154R,0.00
BOD-CINER1,,ANF0087,MINERAL HEMATITE GRIS MH9152G,UNIDAD,4.00,4.,4.00,UBIA01,MINERAL HEMATITE GRIS MH9152G,0.00
BOD-CINER1,,ANF0088,MINERAL CUARZO VERDE MC9151V,UNIDAD,4.00,4.,4.00,UBIA01,MINERAL CUARZO VERDE MC9151V,0.00
BOD-CINER1,,ANF0089,MINERAL CUARZO ROSA MC9151R,UNIDAD,3.00,3.,3.00,UBIA01,MINERAL CUARZO ROSA MC9151R,0.00
BOD-CINER1,,ANF0090,MINERAL CUARZO BLANCO MC9151B,UNIDAD,5.00,5.,5.00,UBIA01,MINERAL CUARZO BLANCO MC9151B,0.00
BOD-CINER1,,ANF0091,MINERAL AMATISTA VIOLETA MA9150V,UNIDAD,3.00,3.,3.00,UBIA01,MINERAL AMATISTA VIOLETA MA9150V,0.00
BOD-CINER1,,ANF0092,ANFORA NO ME OLVIDES (DESCONTINUADO),UNIDAD,10.00,10.,10.00,UBIA01,ANFORA NO ME OLVIDES (DESCONTINUADO),0.00
BOD-CINER1,,ANF0102,ANFORA DORADA HOJAS DE ROBLE,UNIDAD,1.00,1.,1.00,UBIA01,ANFORA DORADA HOJAS DE ROBLE,0.00
BOD-CINER1,,ANF0104,ANFORA DE ACERO INOXIDABLE MINI,UNIDAD,4.00,4.,4.00,UBIA01,ANFORA DE ACERO INOXIDABLE MINI,0.00
BOD-CINER1,,ANF0108,ANFORA YENDO A CASA TAPA REDONDA (DESCONTINUADO),UNIDAD,12.00,12.,12.00,UBIA01,ANFORA YENDO A CASA TAPA REDONDA (DESCONTINUADO),0.00
BOD-CINER1,,ANF0110,ANFORA YENDO A CASA CONO PARVULO,UNIDAD,2.00,2.,2.00,UBIA01,ANFORA YENDO A CASA CONO PARVULO,0.00
BOD-CINER1,,ANF0111,ANFORA MADRE PERLA CIRCULAR PARVULO (DESCONTINUADO),UNIDAD,2.00,2.,2.00,UBIA01,ANFORA MADRE PERLA CIRCULAR PARVULO (DESCONTINUADO),0.00
BOD-CINER1,,ANF0112,ANFORA ARABICA,UNIDAD,4.00,4.,4.00,UBIA01,ANFORA ARABICA,0.00
BOD-CINER1,,ANF0120,ANFORA GOLDEN CARVED,UNIDAD,19.00,19.,19.00,UBIA01,ANFORA GOLDEN CARVED,0.00
BOD-CINER1,,ANF0121,ANFORA SILVER CARVED,UNIDAD,26.00,26.,26.00,UBIA01,ANFORA SILVER CARVED,0.00
BOD-CINER1,,ANF0124,ANFORA YENDO AL JARDIN (DESCONTINUADO),UNIDAD,39.00,39.,39.00,UBIA01,ANFORA YENDO AL JARDIN (DESCONTINUADO),0.00
BOD-CINER1,,ANF0128,ANFORA WOOD MINI (DESCONTINUADO),UNIDAD,13.00,13.,13.00,UBIA01,ANFORA WOOD MINI (DESCONTINUADO),0.00
BOD-CINER1,,ANF0130,ANFORA DORADA CLASICA,UNIDAD,8.00,8.,8.00,UBIA01,ANFORA DORADA CLASICA,0.00
BOD-CINER1,,ANF0132,ANFORA PLATA CLASICA BRASS,UNIDAD,11.00,11.,11.00,UBIA01,ANFORA PLATA CLASICA,0.00
BOD-CINER1,,ANF0133,ANFORA ARABICA GRECO MINI,UNIDAD,15.00,15.,15.00,UBIA01,ANFORA ARABICA GRECO MINI,0.00
BOD-CINER1,,ANF0134,ANFORA COBRE PARVULO,UNIDAD,4.00,4.,4.00,UBIA01,ANFORA COBRE PARVULO,0.00
BOD-CINER1,,ANF0135,ANFORA COBRE MINI,UNIDAD,5.00,5.,5.00,UBIA01,ANFORA COBRE MINI,0.00
BOD-CINER1,,ANF0140,ANFORA ATENEA DORADA MINI,UNIDAD,35.00,35.,35.00,UBIA01,ANFORA ATENEA DORADA MINI,0.00
BOD-CINER1,,ANF0141,ANFORA CLASICA DORADA MINI,UNIDAD,24.00,24.,24.00,UBIA01,ANFORA CLASICA DORADA MINI,0.00
BOD-CINER1,,ANF0151,ANFORA ECO HIDRA VERDE (DESCONTINUADO),UNIDAD,21.00,21.,21.00,UBIA01,ANFORA ECO HIDRA VERDE (DESCONTINUADO),0.00
BOD-CINER1,,ANF0159,ANFORA CLASICA DORADA PARVULO,UNIDAD,5.00,5.,5.00,UBIA01,ANFORA CLASICA DORADA PARVULO,0.00
BOD-CINER1,,ANF0160,ANFORA ATENEA PLATA PARVULO,UNIDAD,6.00,6.,6.00,UBIA01,ANFORA ATENEA PLATA PARVULO,0.00
BOD-CINER1,,ANF0161,ANFORA ATENEA DORADA PARVULO,UNIDAD,5.00,5.,5.00,UBIA01,ANFORA ATENEA DORADA PARVULO,0.00
BOD-CINER1,,ANF0162,ANFORA MADRE PERLA PARVULO,UNIDAD,4.00,4.,4.00,UBIA01,ANFORA MADRE PERLA PARVULO,0.00
BOD-CINER1,,ANF0168,COFRE BASE (DESCONTINUADO),UNIDAD,37.00,37.,37.00,UBIA01,COFRE BASE (DESCONTINUADO),0.00
BOD-CINER1,,ANF0171,ANFORA TUBO ALUMINIO (DESCONTINUADO),UNIDAD,8.00,8.,8.00,UBIA01,ANFORA TUBO ALUMINIO (DESCONTINUADO),0.00
BOD-CINER1,,ANF0173,ANFORA ARABICA GRECO PARVULO,UNIDAD,4.00,4.,4.00,UBIA01,ANFORA ARABICA GRECO PARVULO,0.00
BOD-CINER1,,ANF0176,ANFORA YENDO AL JARDIN TAPA OVALADA (DESCONTINUADO),UNIDAD,19.00,19.,19.00,UBIA01,ANFORA YENDO AL JARDIN TAPA OVALADA (DESCONTINUADO),0.00
BOD-CINER1,,ANF0177,ANFORA MADRE PERLA TEALIGHT,UNIDAD,8.00,8.,8.00,UBIA01,ANFORA MADRE PERLA TEALIGHT,0.00
BOD-CINER1,,ANF0178,ANFORA YENDO AL JARDIN ROSA TEALIGHT,UNIDAD,4.00,4.,4.00,UBIA01,ANFORA YENDO AL JARDIN ROSA TEALIGHT,0.00
BOD-CINER1,,ANF0179,ANFORA SILVER GRABADA TEALIGHT (DESCONTINUADO),UNIDAD,5.00,5.,5.00,UBIA01,ANFORA SILVER GRABADA TEALIGHT (DESCONTINUADO),0.00
BOD-CINER1,,ANF0180,ANFORA CALA TEALIGHT (DESCONTINUADO),UNIDAD,4.00,4.,4.00,UBIA01,ANFORA CALA TEALIGHT (DESCONTINUADO),0.00
BOD-CINER1,,ANF0183,ANFORA PLATINO GRABADO MINI (DESCONTINUADO),UNIDAD,6.00,6.,6.00,UBIA01,ANFORA PLATINO GRABADO MINI (DESCONTINUADO),0.00
BOD-CINER1,,ANF0184,ANFORA ONIX GRIS MINI (DESCONTINUADO),UNIDAD,9.00,9.,9.00,UBIA01,ANFORA ONIX GRIS MINI (DESCONTINUADO),0.00
BOD-CINER1,,ANF0187,ANFORA ECO CHROMA ANTRACITA INFINITO (DESCONTINUADO),UNIDAD,1.00,1.,1.00,UBIA01,ANFORA ECO CHROMA ANTRACITA INFINITO (DESCONTINUADO),0.00
BOD-CINER1,,ANF0188,ANFORA 6113KL PIEDRA DECO WENGUE (DESCONTINUADO),UNIDAD,8.00,8.,8.00,UBIA01,ANFORA 6113KL PIEDRA DECO WENGUE (DESCONTINUADO),0.00
BOD-CINER1,,ANF0189,ANFORA 545021 METAL PLATA,UNIDAD,50.00,50.,50.00,UBIA01,ANFORA 545021 METAL PLATA,0.00
BOD-CINER1,,ANF0190,ANFORA 545001 METAL BLANCA,UNIDAD,62.00,62.,62.00,UBIA01,ANFORA 545001 METAL BLANCA,0.00
BOD-CINER1,,ANF0191,ANFORA A1042 WINGS OF HOPE PEARL WHITE & POL,UNIDAD,1.00,1.,1.00,UBIA01,ANFORA A1042 WINGS OF HOPE PEARL WHITE & POL,0.00
BOD-CINER1,,ANF0192,ANFORA A210 CLASSIC BRU PEWTEE (PLATA ATENEA) (DESCONTINUADO),UNIDAD,3.00,3.,3.00,UBIA01,ANFORA A210 CLASSIC BRU PEWTEE (PLATA ATENEA) (DESCONTINUADO),0.00
BOD-CINER1,,ANF0201,ANFORA A580 TEARDROP MIDNIGHT & BRU PEWTER,UNIDAD,3.00,3.,3.00,UBIA01,ANFORA A580 TEARDROP MIDNIGHT & BRU PEWTER,0.00
BOD-CINER1,,ANF0202,ANFORA A232 CLASSIC SOARING DOVES BLUE & POL SILVER (YENDO A CASA) (DESCONTINUADO),UNIDAD,3.00,3.,3.00,UBIA01,ANFORA A232 CLASSIC SOARING DOVES BLUE & POL SILVER (YENDO A CASA) (DESCONTINUADO),0.00
BOD-CINER1,,ANF0204,ANFORA GLOBO ROSADO TEALIGHT (DESCONTINUADO),UNIDAD,5.00,5.,5.00,UBIA01,ANFORA GLOBO ROSADO TEALIGHT (DESCONTINUADO),0.00
BOD-CINER1,,ANF0207,ANFORA CINTURON DORADO (DESCONTINUADO),UNIDAD,4.00,4.,4.00,UBIA01,ANFORA CINTURON DORADO (DESCONTINUADO),0.00
BOD-CINER1,,ANF0209,ANFORA SENSORIAL CIERVO NIÑO,UNIDAD,3.00,3.,3.00,UBIA01,ANFORA SENSORIAL CIERVO NIÑO,0.00
BOD-CINER1,,ANF0210,ANFORA SENSORIAL CIERVO NIÑA,UNIDAD,3.00,3.,3.00,UBIA01,ANFORA SENSORIAL CIERVO NIÑA,0.00
BOD-CINER1,,ANF0211,ANFORA SENSORIAL RATONCITA NIÑA,UNIDAD,3.00,3.,3.00,UBIA01,ANFORA SENSORIAL RATONCITA NIÑA,0.00
BOD-CINER1,,ANF0212,ANFORA SENSORIAL RATONCITO NIÑO,UNIDAD,3.00,3.,3.00,UBIA01,ANFORA SENSORIAL RATONCITO NIÑO,0.00
BOD-CINER1,,ANF0219,ANFORA M1042 WINGS OF HOPE PEARL WHITE & POL MEDIANA,UNIDAD,6.00,6.,6.00,UBIA01,ANFORA M1042 WINGS OF HOPE PEARL WHITE & POL MEDIANA,0.00
BOD-CINER1,,ANF0220,ANFORA K1042 WINGS OF HOPE PEARL WHITE & POL MINI,UNIDAD,2.00,2.,2.00,UBIA01,ANFORA K1042 WINGS OF HOPE PEARL WHITE & POL MINI,0.00
BOD-CINER1,,ANF0222,ANFORA K1070 CRESCENT TALL SAGE GREEN MINI,UNIDAD,2.00,2.,2.00,UBIA01,ANFORA K1070 CRESCENT TALL SAGE GREEN MINI,0.00
BOD-CINER1,,ANF0223,ANFORA K1071 CRESCENT SPHERE GREEN MINI,UNIDAD,2.00,2.,2.00,UBIA01,ANFORA K1071 CRESCENT SPHERE GREEN MINI,0.00
BOD-CINER1,,ANF0224,ANFORA P580 TEARDROP MIDNIGHT & BRU MEDIANA,UNIDAD,3.00,3.,3.00,UBIA01,ANFORA P580 TEARDROP MIDNIGHT & BRU MEDIANA,0.00
BOD-CINER1,,ANF0226,ANFORA K580 TEARDROP MIDNIGHT & BRU MINI,UNIDAD,3.00,3.,3.00,UBIA01,ANFORA K580 TEARDROP MIDNIGHT & BRU MINI,0.00
BOD-CINER1,,ANF0227,ANFORA M270 NIRVANA ADIEU MIDNIGHT MEDIANA,UNIDAD,3.00,3.,3.00,UBIA01,ANFORA M270 NIRVANA ADIEU MIDNIGHT MEDIANA,0.00
BOD-CINER1,,ANF0228,ANFORA K270 NIRVANA ADIEU MIDNIGHT MINI,UNIDAD,3.00,3.,3.00,UBIA01,ANFORA K270 NIRVANA ADIEU MIDNIGHT MINI,0.00
BOD-CINER1,,ANF0230,ANFORA M297 BLESSING PEARL WHITE MEDIANA,UNIDAD,2.00,2.,2.00,UBIA01,ANFORA M297 BLESSING PEARL WHITE MEDIANA,0.00
BOD-CINER1,,ANF0233,ANFORA M298 BLESSING PEARL LAVENDER MEDIANA,UNIDAD,3.00,3.,3.00,UBIA01,ANFORA M298 BLESSING PEARL LAVENDER MEDIANA,0.00
BOD-CINER1,,ANF0237,ANFORA A292 BLESSING PEARL MIDNIGHT,UNIDAD,3.00,3.,3.00,UBIA01,ANFORA A292 BLESSING PEARL MIDNIGHT,0.00
BOD-CINER1,,ANF0239,ANFORA K292 BLESSING PEARL MIDNIGHT MINI,UNIDAD,3.00,3.,3.00,UBIA01,ANFORA K292 BLESSING PEARL MIDNIGHT MINI,0.00
BOD-CINER1,,ANF0241,ANFORA M667 BLESSING PEARL PINK MEDIANA,UNIDAD,3.00,3.,3.00,UBIA01,ANFORA M667 BLESSING PEARL PINK MEDIANA,0.00
BOD-CINER1,,ANF0242,ANFORA K667 BLESSING PEARL PINK MINI,UNIDAD,3.00,3.,3.00,UBIA01,ANFORA K667 BLESSING PEARL PINK MINI,0.00
BOD-CINER1,,ANF0244,ANFORA K668 BLESSING PEARL BLUE MINI,UNIDAD,3.00,3.,3.00,UBIA01,ANFORA K668 BLESSING PEARL BLUE MINI,0.00
BOD-CINER1,,ANF0245,ANFORA ONIX PARVULO,UNIDAD,8.00,8.,8.00,UBIA01,ANFORA ONIX PARVULO,0.00
BOD-CINER1,,ANF0246,ANFORA XL COBRE,UNIDAD,3.00,3.,3.00,UBIA01,ANFORA XL COBRE,0.00
BOD-CINER1,,ANF0247,ANFORA M COBRE (PARVULO),UNIDAD,4.00,4.,4.00,UBIA01,ANFORA M COBRE (PARVULO),0.00
BOD-CINER1,,ANF0248,ANFORA XS COBRE (DE REPARTO),UNIDAD,2.00,2.,2.00,UBIA01,ANFORA XS COBRE (DE REPARTO),0.00
BOD-CINER1,,ANF0250,ANFORA SS-L-2 STAND,UNIDAD,3.00,3.,3.00,UBIA01,ANFORA SS-L-2 STAND,0.00
BOD-CINER1,,ANF0251,ANFORA MINI SS-M-15 CORAZON,UNIDAD,2.00,2.,2.00,UBIA01,ANFORA MINI SS-M-15 CORAZON,0.00
BOD-CINER1,,ANF0252,ANFORA MINI SS-M-2 CIEL,UNIDAD,2.00,2.,2.00,UBIA01,ANFORA MINI SS-M-2 CIEL,0.00
BOD-CINER1,,ANF0253,ANFORA MINI SS-M-5 AURA,UNIDAD,3.00,3.,3.00,UBIA01,ANFORA MINI SS-M-5 AURA,0.00
BOD-CINER1,,ANF0254,ANFORA MINI SS-M-9 ODISEA,UNIDAD,2.00,2.,2.00,UBIA01,ANFORA MINI SS-M-9 ODISEA,0.00
BOD-CINER1,,ANF0255,ANFORA MINI SS-M-12 OVO,UNIDAD,2.00,2.,2.00,UBIA01,ANFORA MINI SS-M-12 OVO,0.00
BOD-CINER1,,ANF0256,ANFORA MINI SS-M-14 ORBITA,UNIDAD,2.00,2.,2.00,UBIA01,ANFORA MINI SS-M-14 ORBITA,0.00
BOD-CINER1,,ANF0257,ANFORA ECO HIDRA GRIS,UNIDAD,39.00,39.,39.00,UBIA01,ANFORA ECO HIDRA GRIS,0.00
BOD-CINER1,,ANF0258,ANFORA A1071 CRESCENTSPHERE SAGE GREEN & BRU GOLD,UNIDAD,2.00,2.,2.00,UBIA01,ANFORA A1071 CRESCENTSPHERE SAGE GREEN & BRU GOLD,0.00
BOD-CINER1,,ANF0259,ANFORA A1051 TULIPORANGE & POLL SILVER,UNIDAD,5.00,5.,5.00,UBIA01,ANFORA A1051 TULIPORANGE & POLL SILVER,0.00
BOD-CINER1,,ANF0260,ANFORA M1051 TULIP MEDIUM ORANGE & POL SILVER,UNIDAD,3.00,3.,3.00,UBIA01,ANFORA M1051 TULIP MEDIUM ORANGE & POL SILVER,0.00
BOD-CINER1,,ANF0261,ANFORA K1051 TULIP KEEPSAKE URN ORANGE &POL SILVER,UNIDAD,3.00,3.,3.00,UBIA01,ANFORA K1051 TULIP KEEPSAKE URN ORANGE &POL SILVER,0.00
BOD-CINER1,,ANF0263,ANFORA A1072 CRESCENT TALL URN NAVY & POL SILVER,UNIDAD,4.00,4.,4.00,UBIA01,ANFORA A1072 CRESCENT TALL URN NAVY & POL SILVER,0.00
BOD-CINER1,,ANF0264,ANFORA K1072 CRESCENT KEEPSAKE URN NAVY @POL SILVER,UNIDAD,3.00,3.,3.00,UBIA01,ANFORA K1072 CRESCENT KEEPSAKE URN NAVY @POL SILVER,0.00
BOD-CINER1,,ANF0265,ANFORA A271 NIRVANA AZURE BLUE & BRU PEWTER W/SWAROVSKI,UNIDAD,4.00,4.,4.00,UBIA01,ANFORA A271 NIRVANA AZURE BLUE & BRU PEWTER W/SWAROVSKI,0.00
BOD-CINER1,,ANF0267,ANFORA A222 PRIDE RAINBOW POL SILVER,UNIDAD,4.00,4.,4.00,UBIA01,ANFORA A222 PRIDE RAINBOW POL SILVER,0.00
BOD-CINER1,,ANF0269,ANFORA M522 INFANTE SIMPLICITY PEARL WHITE & BRU GOLD,UNIDAD,2.00,2.,2.00,UBIA01,ANFORA M522 INFANTE SIMPLICITY PEARL WHITE & BRU GOLD,0.00
BOD-CINER1,,ANF0270,ANFORA K271 NIRVANA AZUFRE BLUE BRU PEWTER W/SWAROSKI,UNIDAD,1.00,1.,1.00,UBIA01,ANFORA K271 NIRVANA AZUFRE BLUE BRU PEWTER W/SWAROSKI,0.00
BOD-CINER1,,ANF0271,ANFORA K222 PRIDE RAINBOW POL SILVER,UNIDAD,3.00,3.,3.00,UBIA01,ANFORA K222 PRIDE RAINBOW POL SILVER,0.00
BOD-CINER1,,ANF0272,ANFORA K522 SIMPLICITY PEARL WHITE & BRU GOLD,UNIDAD,3.00,3.,3.00,UBIA01,ANFORA K522 SIMPLICITY PEARL WHITE & BRU GOLD,0.00
BOD-CINER1,,ANF0273,"ANFORA VIENA XL NFC (2,7 Kg) - VERDE",UNIDAD,1.00,1.,1.00,UBIA01,"ANFORA VIENA XL NFC (2,7 Kg) - VERDE",0.00
BOD-CINER1,,ANF0275,"ANFORA VIENA XL NFC (2,7 Kg) - BEIGE",UNIDAD,3.00,3.,3.00,UBIA01,"ANFORA VIENA XL NFC (2,7 Kg) - BEIGE",0.00
BOD-CINER1,,ANF0278,"ÁNFORA MOLLY L NFC (1,7KG) - BEIGE",UNIDAD,1.00,1.,1.00,UBIA01,"ÁNFORA MOLLY L NFC (1,7KG) - BEIGE",0.00
BOD-CINER1,,ANF0279,"ÁNFORA MILÓ NFC (2,7 KG) - VERDE",UNIDAD,1.00,1.,1.00,UBIA01,"ÁNFORA MILÓ NFC (2,7 KG) - VERDE",0.00
BOD-CINER1,,ANF0280,"ÁNFORA MILÓ NFC (2,7 KG) - NEGRA",UNIDAD,2.00,2.,2.00,UBIA01,"ÁNFORA MILÓ NFC (2,7 KG) - NEGRA",0.00
BOD-CINER1,,ANF0281,ANFORA ECO LUNA,UNIDAD,2.00,2.,2.00,UBIA01,ANFORA ECO LUNA,0.00
BOD-CINER1,,ANF0282,ANFORA ECO SFERA CHROMA VERDE,UNIDAD,1.00,1.,1.00,UBIA01,ANFORA ECO SFERA CHROMA VERDE,0.00
BOD-CINER1,,ANF0288,ANFORA TULIP KEEPSAKE URN YELLOW & POL SILVER,UNIDAD,2.00,2.,2.00,UBIA01,ANFORA TULIP KEEPSAKE URN YELLOW & POL SILVER,0.00
BOD-CINER1,,ANF0289,ANFORA TULIP URN YELLOW & POLL SILVER,UNIDAD,3.00,3.,3.00,UBIA01,ANFORA TULIP URN YELLOW & POLL SILVER,0.00
BOD-CINER1,,ANF0293,ANFORA PVC GRIS,UNIDAD,174.00,174.,174.00,UBIA01,ANFORA PVC GRIS,0.00
BOD-CINER1,,COF0007,COBRE NOBLE CON CRUZ,UNIDAD,1.00,1.,1.00,UBIA01,COBRE NOBLE CON CRUZ,0.00
BOD-CINER1,,COF0008,PLACAS DE BRONCE 8x4 cm,UNIDAD,150.00,150.,150.00,UBIA01,PLACAS DE BRONCE 8x4 cm,0.00
BOD-CINER1,,COF0010,COFRE CANCILLER (DESCONTINUADO),UNIDAD,3.00,3.,3.00,UBIA01,COFRE CANCILLER (DESCONTINUADO),0.00
BOD-CINER1,,COF0014,COFRE NOBLE SIN CRUZ,UNIDAD,3.00,3.,3.00,UBIA01,COFRE NOBLE SIN CRUZ,0.00
BOD-CINER1,,COF0035,COFRE BASICO (LENGA NATURAL),UNIDAD,307.00,307.,307.00,UBIA01,COFRE BASICO (LENGA NATURAL),0.00
BOD-CINER1,,COF0039,COFRE LENGA BASICO MINI SEMI OPACO (9 x 5 x 5),UNIDAD,10.00,10.,10.00,UBIA01,COFRE LENGA BASICO MINI SEMI OPACO (9 x 5 x 5),0.00
BOD-CINER1,,COF0048,COFRE MADERA RAULI NOGAL,UNIDAD,3.00,3.,3.00,UBIA01,COFRE MADERA RAULI NOGAL,0.00
BOD-CINER1,,COF0049,COFRE MADERA RAULI ALTO BRILLO,UNIDAD,5.00,5.,5.00,UBIA01,COFRE MADERA RAULI ALTO BRILLO,0.00
BOD-CINER1,,COF0051,COFRE LENGA ESPECIAL MINI,UNIDAD,10.00,10.,10.00,UBIA01,COFRE LENGA ESPECIAL MINI,0.00
BOD-CINER1,,COF0059,COFRE LENGA PARVULO,UNIDAD,4.00,4.,4.00,UBIA01,COFRE LENGA PARVULO,0.00
BOD-CINER1,,COF0061,COFRE CUBO PARVULO BLANCO,UNIDAD,2.00,2.,2.00,UBIA01,COFRE CUBO PARVULO BLANCO,0.00
BOD-CINER1,,COF0062,COFRE CUBO PARVULO ROSADO,UNIDAD,2.00,2.,2.00,UBIA01,COFRE CUBO PARVULO ROSADO,0.00
BOD-CINER1,,COF0063,COFRE CUBO PARVULO CELESTE,UNIDAD,2.00,2.,2.00,UBIA01,COFRE CUBO PARVULO CELESTE,0.00
BOD-CINER1,,COF0065,COFRE ADULTO OVALADO TEMATICO ALTO BRILLO,UNIDAD,3.00,3.,3.00,UBIA01,COFRE ADULTO OVALADO TEMATICO ALTO BRILLO,0.00
BOD-CINER1,,COF0068,COFRE APUS MADERA PINO COLOR MIEL,UNIDAD,2.00,2.,2.00,UBIA01,COFRE APUS MADERA PINO COLOR MIEL,0.00
BOD-CINER1,,COF0070,COFRE CAELUM COLOR NOGAL,UNIDAD,2.00,2.,2.00,UBIA01,COFRE CAELUM COLOR NOGAL,0.00
BOD-CINER1,,COF0071,COFRE HYDRA PINO NATURAL,UNIDAD,2.00,2.,2.00,UBIA01,COFRE HYDRA PINO NATURAL,0.00
BOD-CINER1,,COF0072,COFRE INDUS MADERA LENGA NATURAL,UNIDAD,2.00,2.,2.00,UBIA01,COFRE INDUS MADERA LENGA NATURAL,0.00
BOD-CINER1,,COF0073,COFRE CUBO MINI CON LOGO,UNIDAD,2.00,2.,2.00,UBIA01,COFRE CUBO MINI CON LOGO,0.00
BOD-CINER1,,COF0074,COFRE MAESTRE ADULTO,UNIDAD,3.00,3.,3.00,UBIA01,COFRE MAESTRE ADULTO,0.00
BOD-CINER1,,COF0075,COFRE MAESTRE VELA,UNIDAD,2.00,2.,2.00,UBIA01,COFRE MAESTRE VELA,0.00
BOD-CINER1,,IMS0024,ANTIPARRA OSCURA,UNIDAD,0.00,0.,0.00,UBIA01,ANTIPARRA OSCURA,0.00
BOD-CINER1,,IMS0025,ANTIPARRA CLARA,UNIDAD,0.00,0.,0.00,UBIA01,ANTIPARRA CLARA,0.00
BOD-CINER1,,IMS0030,GUANTE QUIRURGICO (100 UNI.),UNIDAD,0.00,0.,0.00,UBIA01,GUANTE QUIRURGICO (100 UNI.),0.00
BOD-CINER1,,IMS0035,GUANTE ASEO,UNIDAD,0.00,0.,0.00,UBIA01,GUANTE ASEO,0.00
BOD-CINER1,,IMS0053,GUANTE CABRITILLA CORTO,UNIDAD,0.00,0.,0.00,UBIA01,GUANTE CABRITILLA CORTO,0.00
BOD-CINER1,,IMS0055,GUANTE L-100,UNIDAD,0.00,0.,0.00,UBIA01,GUANTE L-100,0.00
BOD-CINER1,,IMS0082,MASCARILLA DESECHABLE X UNI,UNIDAD,0.00,0.,0.00,UBIA01,MASCARILLA DESECHABLE X UNI,0.00
BOD-CINER1,,IMS0087,COLETO SOLDADOR DE CUERO,UNIDAD,0.00,0.,0.00,UBIA01,COLETO SOLDADOR DE CUERO,0.00
BOD-CINER1,,IMS0089,GUANTE ANTICORTE DELTAPLUS VENICUTD02,UNIDAD,0.00,0.,0.00,UBIA01,GUANTE ANTICORTE DELTAPLUS VENICUTD02,0.00
BOD-CINER1,,MAT0008,BANDEJAS DE CARTON PARA PROCEDIMIENTO,UNIDAD,0.00,0.,0.00,UBIA01,BANDEJAS DE CARTON PARA PROCEDIMIENTO,0.00
BOD-CINER1,,MAT0032,CIRIO PASCUAL 7CM X 90CM ALTO,UNIDAD,0.00,0.,0.00,UBIA01,CIRIO PASCUAL 7CM X 90CM ALTO,0.00
BOD-CINER1,,MAT0037,CINTA BROTHER TZE-S231 12 MM,UNIDAD,0.00,0.,0.00,UBIA01,CINTA BROTHER TZE-S231 12 MM,0.00
BOD-CINER1,,MAT0044,CARBON REAGENT FACTIVATE 20,UNIDAD,20.00,20.,20.00,UBIA01,CARBON REAGENT FACTIVATE 20,0.00
BOD-CINER1,,MAT0046,"BOLSA CON LOGO B1 (8,5 X 19 cm)",UNIDAD,0.00,0.,0.00,UBIA01,"BOLSA CON LOGO B1 (8,5 X 19 cm)",0.00
BOD-CINER1,,MAT0047,BOLSA CON LOGO B2 ( 22 x 21 x 33 cm altura),UNIDAD,0.00,0.,0.00,UBIA01,BOLSA CON LOGO B2 ( 22 x 21 x 33 cm altura),0.00
BOD-CINER1,,MAT0048,BOLSA CON LOGO B3 ( 26 X 36 cm altura),UNIDAD,0.00,0.,0.00,UBIA01,BOLSA CON LOGO B3 ( 26 X 36 cm altura),0.00
BOD-CINER1,,MAT0049,BOLSA CON LOGO B4 (28 x 22 x 34 cm x altura),UNIDAD,0.00,0.,0.00,UBIA01,BOLSA CON LOGO B4 (28 x 22 x 34 cm x altura),0.00
BOD-CINER1,,MAT0050,BOLSA CON LOGO B5 (28 x 23 x 34 cm altura),UNIDAD,0.00,0.,0.00,UBIA01,BOLSA CON LOGO B5 (28 x 23 x 34 cm altura),0.00
BOD-CINER1,,MCO0014,SILICONA HENKEL ELASTOSELLO 1100 TRANSPARENTE TUBO 300,UNIDAD,0.00,0.,0.00,UBIA01,SILICONA HENKEL ELASTOSELLO 1100 TRANSPARENTE TUBO 300,0.00
BOD-CINER1,,MCO0018,WD-40,UNIDAD,0.00,0.,0.00,UBIA01,WD-40,0.00
BOD-CINER1,,MCO0035,LOCTITE 495 SUPER BONDER,UNIDAD,0.00,0.,0.00,UBIA01,LOCTITE 495 SUPER BONDER,0.00
BOD-CINER1,,MCOHOJ0001,TIJERA HOJALATERO M/FORRADO,UNIDAD,0.00,0.,0.00,UBIA01,TIJERA HOJALATERO M/FORRADO,0.00
BOD-CINER1,,PUL0002,PULSERA DE CUENTAS NEGRAS,UNIDAD,2.00,2.,2.00,UBIA01,PULSERA DE CUENTAS NEGRAS,0.00
BOD-CINER1,,PUL0006,PULSERA ACERO INOX CRUZ,UNIDAD,2.00,2.,2.00,UBIA01,PULSERA ACERO INOX CRUZ,0.00
BOD-CINER1,,REL0006,RELICARIO CORAZON AZUL,UNIDAD,4.00,4.,4.00,UBIA01,RELICARIO CORAZON AZUL,0.00
BOD-CINER1,,REL0007,RELICARIO CORAZON PLATA,UNIDAD,3.00,3.,3.00,UBIA01,RELICARIO CORAZON PLATA,0.00
BOD-CINER1,,REL0014,RELICARIO CORAZON LARGO C04 (DESCONTINUADO),UNIDAD,37.00,37.,37.00,UBIA01,RELICARIO CORAZON LARGO C04 (DESCONTINUADO),0.00
BOD-CINER1,,REL0015,RELICARIO INFINITO DELGADO CON CADENA C02 (DESCONTINUADO),UNIDAD,58.00,58.,58.00,UBIA01,RELICARIO INFINITO DELGADO CON CADENA C02 (DESCONTINUADO),0.00
BOD-CINER1,,REL0016,RELICARIO ARBOL DE LA VIDA CON CADENA C05,UNIDAD,13.00,13.,13.00,UBIA01,RELICARIO ARBOL DE LA VIDA CON CADENA C05,0.00
BOD-CINER1,,REL0017,RELICARIOS CUBOS BRILLANTE C25 (DESCONTINUADO),UNIDAD,42.00,42.,42.00,UBIA01,RELICARIOS CUBOS BRILLANTE C25 (DESCONTINUADO),0.00
BOD-CINER1,,REL0018,RELICARIO EMBUDO C08 (DESCONTINUADO),UNIDAD,17.00,17.,17.00,UBIA01,RELICARIO EMBUDO C08 (DESCONTINUADO),0.00
BOD-CINER1,,REL0019,RELICARIO RECTANGULAR C00,UNIDAD,18.00,18.,18.00,UBIA01,RELICARIO RECTANGULAR C00,0.00
BOD-CINER1,,REL0020,RELICARIO CORAZON CHICO C19,UNIDAD,20.00,20.,20.00,UBIA01,RELICARIO CORAZON CHICO C19,0.00
BOD-CINER1,,REL0021,RELICARIO CRUZ ACERO/PLATA (S/E),UNIDAD,14.00,14.,14.00,UBIA01,RELICARIO CRUZ ACERO/PLATA (S/E),0.00
BOD-CINER1,,REL0023,RELICARIO ACERO INOX ANILLOS ARBOL (DESCONTINUADO),UNIDAD,2.00,2.,2.00,UBIA01,RELICARIO ACERO INOX ANILLOS ARBOL (DESCONTINUADO),0.00
BOD-CINER1,,REL0026,RELICARIO ACERO INOX CORAZON 2,UNIDAD,2.00,2.,2.00,UBIA01,RELICARIO ACERO INOX CORAZON 2,0.00
BOD-CINER1,,REL0028,RELICARIO ACERO INOX ESTRELLA,UNIDAD,3.00,3.,3.00,UBIA01,RELICARIO ACERO INOX ESTRELLA,0.00
BOD-CINER1,,REL0029,RELICARIO ACERO INOX LAGRIMA 1,UNIDAD,1.00,1.,1.00,UBIA01,RELICARIO ACERO INOX LAGRIMA 1,0.00
BOD-CINER1,,REL0030,RELICARIO ACERO INOX ROSA DE LOS VIENTOS,UNIDAD,2.00,2.,2.00,UBIA01,RELICARIO ACERO INOX ROSA DE LOS VIENTOS,0.00
BOD-CINER1,,REL0039,RELICARIO BRUJULA,UNIDAD,11.00,11.,11.00,UBIA01,RELICARIO BRUJULA,0.00
BOD-CINER1,,REL0040,RELICARIO ACERO INOX CORAZON DORADO lJD099,UNIDAD,37.00,37.,37.00,UBIA01,RELICARIO ACERO INOX CORAZON DORADO lJD099,0.00
BOD-CINER1,,REL0041,ANFORA K215 RADIANCE BRU PEWTER (CLASICA PLATA MINI) (DESCONTINUADO),UNIDAD,2.00,2.,2.00,UBIA01,ANFORA K215 RADIANCE BRU PEWTER (CLASICA PLATA MINI) (DESCONTINUADO),0.00
BOD-CINER1,,REL0045,ANFORA K232 CLASSIC SOARING DOVES (YENDO A CASA MINI) (DESCONTINUADO),UNIDAD,2.00,2.,2.00,UBIA01,ANFORA K232 CLASSIC SOARING DOVES (YENDO A CASA MINI) (DESCONTINUADO),0.00
BOD-CINER1,,REL0046,RELICARIO ESTRELLA,UNIDAD,14.00,14.,14.00,UBIA01,RELICARIO ESTRELLA,0.00
BOD-CINER1,,REL0047,RELICARIO LUNA,UNIDAD,19.00,19.,19.00,UBIA01,RELICARIO LUNA,0.00
BOD-CINER1,,REL0048,RELICARIO FLOR ROSA NEGRO,UNIDAD,18.00,18.,18.00,UBIA01,RELICARIO FLOR ROSA NEGRO,0.00
BOD-CINER1,,REL0050,RELICARO CORAZON NEGRO BRILLANTE,UNIDAD,41.00,41.,41.00,UBIA01,RELICARO CORAZON NEGRO BRILLANTE,0.00
BOD-CINER1,,REL0051,RELICARIO BALA,UNIDAD,17.00,17.,17.00,UBIA01,RELICARIO BALA,0.00
BOD-CINER1,,REL0052,RELICARIO FLOR PEQUEÃ‘O (DESCONTINUADO),UNIDAD,13.00,13.,13.00,UBIA01,RELICARIO FLOR PEQUEÃ‘O (DESCONTINUADO),0.00
BOD-CINER1,,REL0053,RELICARIO CORAZON VIDRIADO,UNIDAD,4.00,4.,4.00,UBIA01,RELICARIO CORAZON VIDRIADO,0.00
BOD-CINER1,,REL0054,RELICARIO HEXAGONO,UNIDAD,13.00,13.,13.00,UBIA01,RELICARIO HEXAGONO,0.00
BOD-CINER1,,REL0055,RELICARIO FLOR (DESCONTINUADO),UNIDAD,19.00,19.,19.00,UBIA01,RELICARIO FLOR (DESCONTINUADO),0.00
BOD-CINER1,,REL0056,RELICARIO RECTANGULO LARGO,UNIDAD,27.00,27.,27.00,UBIA01,RELICARIO RECTANGULO LARGO,0.00
BOD-CINER1,,REL0057,RELICARIO GOTA,UNIDAD,26.00,26.,26.00,UBIA01,RELICARIO GOTA,0.00
BOD-CINER1,,REL0058,RELICARIO MARIPOSA,UNIDAD,8.00,8.,8.00,UBIA01,RELICARIO MARIPOSA,0.00
BOD-CINER1,,REL0059,RELICARIO DE ALABASTRO SERENIDAD,UNIDAD,2.00,2.,2.00,UBIA01,RELICARIO DE ALABASTRO SERENIDAD,0.00
BOD-CINER1,,REL0060,RELICARO DE ALABASTRO CONFIANZA,UNIDAD,2.00,2.,2.00,UBIA01,RELICARO DE ALABASTRO CONFIANZA,0.00
BOD-CINER1,,REL0062,RELICARIO DE ALABASTRO ALMA,UNIDAD,2.00,2.,2.00,UBIA01,RELICARIO DE ALABASTRO ALMA,0.00
BOD-CINER1,,REL0063,RELICARIO DE ALABASTRO CALMA,UNIDAD,2.00,2.,2.00,UBIA01,RELICARIO DE ALABASTRO CALMA,0.00
BOD-CINER1,,REL0064,RELICARIO DE ALABASTRO LIBERTAD,UNIDAD,2.00,2.,2.00,UBIA01,RELICARIO DE ALABASTRO LIBERTAD,0.00
BOD-CINER1,,REL0066,RELICARIO RECTAGULADO VIDRIADO,UNIDAD,13.00,13.,13.00,UBIA01,RELICARIO RECTANGULO VIDRIADO,0.00
BOD-CINER1,,REL0077,RELICARIO BAGUETTE,UNIDAD,3.00,3.,3.00,UBIA01,RELICARIO BAGUETTE,0.00
BOD-CINER1,,REL0085,RELICARIO PD1023 TEARDROP ASHES POL & BRU,UNIDAD,2.00,2.,2.00,UBIA01,RELICARIO PD1023 TEARDROP ASHES POL & BRU,0.00
BOD-CINER1,,REL0086,RELICARIO PD1560 ELEGANT LEAF ASHES PEARL GREEN,UNIDAD,3.00,3.,3.00,UBIA01,RELICARIO PD1560 ELEGANT LEAF ASHES PEARL GREEN,0.00
BOD-CINER1,,ANF0206,ANFORA ARBOL DE LA VIDA,UNIDAD,4.00,4.,4.00,UBIF04,ANFORA ARBOL DE LA VIDA,0.00